<?xml version="1.0" encoding="UTF-8"?>
<project-private xmlns="http://www.netbeans.org/ns/project-private/1">
    <editor-bookmarks xmlns="http://www.netbeans.org/ns/editor-bookmarks/2" lastBookmarkId="0"/>
    <open-files xmlns="http://www.netbeans.org/ns/projectui-open-files/2">
        <group>
            <file>file:/D:/TRẦN%20ĐẠI/DanhBaOnline/src/java/ViewIndividual.java</file>
            <file>file:/D:/TRẦN%20ĐẠI/DanhBaOnline/src/java/LoginServlet.java</file>
            <file>file:/D:/TRẦN%20ĐẠI/DanhBaOnline/web/WEB-INF/view/loginView.jsp</file>
            <file>file:/D:/TRẦN%20ĐẠI/DanhBaOnline/src/java/ViewChangePass.java</file>
            <file>file:/D:/TRẦN%20ĐẠI/DanhBaOnline/web/WEB-INF/view/changPass.jsp</file>
            <file>file:/D:/TRẦN%20ĐẠI/DanhBaOnline/src/java/DBUtils.java</file>
        </group>
    </open-files>
</project-private>
